Framework,TrainAccuracy,TestAccuracy,DataLoadingTime(ms),PreprocessingTime(ms),TotalTrainingTime(s),TimePerEpoch(ms),InferenceTime(us),TrainingMemoryUsed(MB),InferenceMemory(MB)
Rust,0.0,0.0,0.0,0.0,0.0,0.0,0.0,0.0,0.0
NumPy,-0.8512820512820487,0.0,951.1988304093567,9272.222222222223,854.7619047619047,854.7619047619047,2265.0,189.87719298245617,192.13953488372093
scikit-learn,0.8512820512820487,3.4447088031447186,725.3216374269006,4359.722222222222,980.952380952381,980.952380952381,5425.0,177.54385964912282,466.5247724974722
